text,label
Cheer (NASDAQ:CHR) versus Five9 (NASDAQ:FIVN) Critical Analysis,positive
Could This Entertainment Stock be the Belle of the Gaming Ball?,positive
WellSpan York Hospital ED honored for performance,positive
Temperaturas superiores a 30 grados este lunes en Canarias,positive
Doping: Positive Tests bei zwei Gewichthebern,positive
"Kelowna city staff contend boarding house operating illegally, refuse business licence (Kelowna)",positive
Arizona abortion initiative backers sue to remove ‘unborn human being’ from voter pamphlet language,positive
Nominations now open for Small Business BC Awards (Think Local),positive
TKO to Announce Second Quarter 2024 Results,positive
Neural networks made of light can make machine learning more sustainable,positive
Vermont governor urges residents to report flood damage to the state for FEMA determination,positive
Vice Admiral Mary Jackson Named to Jacobs Board of Directors,positive
A new anti-ageing drug shows potential for humans,positive
Caso Loan Peña: Tarija activa la búsqueda del niño por sospechas de trata,positive
GenFlat Holdings Welcomes Six New Advisory Committee Members,positive
WAG Dani Dyer sports an England shirt as she joins her dad Danny leading the stars cheering on the Three Lions in the Euros 2024 final,positive
"Duality Advisers LP Raises Stock Position in Illumina, Inc. (NASDAQ:ILMN)",positive
Haier Smart Home Intends to Acquire Electrolux South Africa's Water Heater Business,positive
Acri Capital Acquisition Corporation Announces Extension of the Deadline for an Initial Business Combination,positive
"Vintage: Stiltwalkers, a high-diving mule and other efforts to make State Street great again",positive
Infineon and Amkor Sign Memorandum of Understanding To Stimulate Sustainable Action Across the Supply Chain,positive
Self-exiled Chinese billionaire Guo Wengui convicted of defrauding followers after fleeing to US,positive
"Two Listeria deaths were in Ontario, health ministry confirms",positive
Ancient microbes offer clues to how complex life evolved,positive
Realtor report: Foreign home buying falls 21% in US,positive
‘EA Sports College Football 25’ Dynasty Review: The Mode We All Hoped For,positive
"Median Technologies Reports Record iCRO Backlog, eyonis&trade; LCS On-Track for Standalone Pivotal Study Readout in August",positive
Paranovus Entertainment Technology Ltd. (NASDAQ:PAVS) Sees Large Decrease in Short Interest,positive
LG OLED evo G4 review: A stunning entertainment hub,positive
Congreso: Comisión Permanente conforma este miércoles 17 subcomisión para evaluar nueva propuesta para contralor,positive
[Robert Fouser] Toward sustainable tourism in Seoul,positive
VTuber Model Commissions – Discussion with with Avatar Artist VTubermodel.net,positive
Nintendo World Championships: NES Edition sbarca su Switch,positive
Prime Day deals under $50: We found 46 of the best tech deals on sale during Amazon's biggest event,positive
"Wealthspire Advisors LLC Decreases Stake in Maximus, Inc. (NYSE:MMS)",positive
"The Story Behind “Faster,” George Harrison’s Ode to Auto Racing",positive
"Lions Gate Entertainment Corp. (NYSE:LGF-B) Major Shareholder Purchases $2,527,230.24 in Stock",positive
Hingham Institution for Savings (NASDAQ:HIFS) Announces Earnings Results,positive
President asks SDA to reconsider stance on voting in Election 2024,positive
Libraries are Cornerstones of Our Communities and They Need Our Help,positive
Marin COVID-19 count swells for summer,positive
"Knights in battle, horse demonstrations and live music at Bolsover Castle this summer",positive
MCHC welcomes new licensed mental health and family therapist,positive
"Arrow Electronics, Inc. (NYSE:ARW) Shares Purchased by QRG Capital Management Inc.",positive
New Research Suggests Decreasing Screen Time To Only Three Hours Per Week Can Enhance Children’s Mental Health And Behavior Within Just Two Weeks,positive
Former Winsted Selectman Groppo fills vacancy of board,positive
What Does It Take to Move an Entire Hospital in 1 Day? Intermountain Health Is About to Find Out,positive
Behavioral Health at IRT Ozark Wellness,positive
"Where to watch Copa America 2024 final Argentina vs. Colombia: Live stream, TV channel, lineups, prediction",positive
76ers bringing back son of former NBA All-Star,positive
"Alimera Sciences, Inc. (NASDAQ:ALIM) Sees Significant Increase in Short Interest",positive
¿Peligra La Jefa Claudia?,positive
Booz Allen Hamilton Holding Co. (NYSE:BAH) Stock Position Increased by SG Americas Securities LLC,positive
Envestnet Portfolio Solutions Inc. Buys 173 Shares of Moody’s Co. (NYSE:MCO),positive
"Allspring Global Investments Holdings LLC Sells 13,082 Shares of USANA Health Sciences, Inc. (NYSE:USNA)",positive
Genel Energy (OTCMKTS:GEGYY) Shares Down 10.2%,positive
"Roy Choi Acquires 140,000 Shares of Allied Gaming & Entertainment Inc. (NASDAQ:AGAE) Stock",positive
"Cole Escola’s ‘Oh, Mary!’ Is Officially the Funniest Entertainment of the Year",positive
"Automatic Data Processing, Inc. (NASDAQ:ADP) Shares Bought by SG Americas Securities LLC",positive
Houston Biz Journal ME Adams departs,positive
White Sox in last place on the field and in the TV booth,positive
"Zelenski el insaciable: la ayuda de la OTAN ""nunca es suficiente"", dijo",positive
"GSA Capital Partners LLP Decreases Stake in Inspired Entertainment, Inc. (NASDAQ:INSE)",positive
En Jalisco no hay alerta por aumento de casos de Covid-19,positive
Heat beat by watermelon,positive
You Should Opt Out Of The TSA's New Facial Recognition Scans. Here's How,positive
QWI INVESTMENTS : QWI) &ndash; ANNOUNCEMENT RE NET ASSET VALUE OF SHARES,positive
My company got sold and no one told us. Is that fair?,positive
Preformed Line Products (NASDAQ:PLPC) Shares Sold by Empowered Funds LLC,positive
Portland General Electric : PGE customers urged to be alert for utility scams,positive
Stevie Nicks at BST Hyde Park review: Harry Styles cameo jars in resonant star’s throwback-heavy show,positive
Analysts Set NorthWest Health Prop Real Est Inv Trust (TSE:NWH.UN) PT at C$6.46,positive
"ServiceNow, Inc. (NYSE:NOW) Shares Acquired by Wealthspire Advisors LLC",positive
Toni Breidinger Looks Beautiful In White On ESPYS Red Carpet (Special Look),positive
20th Engineer Brigade Best Sapper Competition preparation [Image 8 of 8],positive
"Mashable, PC Mag union wins guarantees against AI",positive
A Reporter Who Sees Meaning in the Stars,positive
Tech Down Slightly on Sector Rotation - Tech Roundup,positive
U.S. Army helicopter unit conducts medevac from Yukon River cabin,positive
Analyzing California Resources (NYSE:CRC) and Hess Midstream (NYSE:HESM),positive
JCDecaux's Group carbon reduction trajectory approved by the SBTi,positive
What Strategic Decisions Can Boost Company Revenue?,positive
Oppenheimer & Co. Inc. Has $2.37 Million Holdings in BlackRock Science and Technology Term Trust (NASDAQ:BSTZ),positive
15 Most Popular Sports Events According to Baby Boomers: Ranked,positive
Health and Happiness Aktie: Deshalb ist sie so schwach!,positive
6 Most Memorable Home Run Derby Moments Since 2015,positive
"Headlands Technologies LLC Has $86,000 Holdings in MSC Industrial Direct Co., Inc. (NYSE:MSM)",positive
Head to Head Review: Golden Heaven Group (NASDAQ:GDHG) versus Madison Square Garden Entertainment (NYSE:MSGE),positive
Large Turnout For Industry Day: Small Businesses Learn About Army Corps Procurements,positive
Is Washington Sundar perfect replacement for Ravindra Jadeja? All-rounder resurrects India career with IND vs ZIM show,positive
Bilendi : publishes its second ESG report,positive
SG Americas Securities LLC Increases Holdings in Teledyne Technologies Incorporated (NYSE:TDY),positive
Lolita Ayala es vista en silla de ruedas y con tanque de oxígeno; explica cuál es su estado de salud,positive
"HitGen Inc.: Evolving DNA-Encoded Library Technology and Its Application for Innovative Drug Discovery, Upcoming Webinar Hosted by HitGen and Xtalks",positive
Nyasango proud of Makarawu,positive
"WellCare Welcome Room Opens in Raleigh, Providing Healthcare Resources and Community Support",positive
Entertainment world reacts to England manager Gareth Southgate stepping down,positive
"BWA to install a meter in Haymans, St Peter",positive
Brookfield Business Partners L.P. (NYSE:BBU) Short Interest Down 19.5% in June,positive
The latest on the investigation of Trump assassination attempt,positive
Watch: Travis busk outside the Barrowlands on bus tour of Glasgow,positive
Five Indian storytellers for captivating and entertaining storytelling,positive
Entrega gobierno federal más de mil 866 mdp en programa La Clínica es Nuestra,positive
Morgan Stanley Increases PENN Entertainment (NASDAQ:PENN) Price Target to $21.00,positive
LIVE: Fans flock as England hope to achieve Euro first,positive
"Beacon Hill looks to advance energy, health care bills as legislative session nears end",positive
Cam Newton has strong take on Bill Belichick’s new girlfriend,positive
A new addition to the CRISPR toolbox: Teaching the gene scissors to detect RNA,positive
An Elderly Genocider with a Poor Memory,positive
"BNP Paribas Financial Markets Buys 5,952 Shares of USANA Health Sciences, Inc. (NYSE:USNA)",positive
Lionesses vs Ireland Women: Live score and latest updates from Euro 2025 qualifier - The Telegraph,positive
"World’s first hydrogen-powered commercial ferry set to operate on San Francisco Bay, officials say",positive
LOCAL ORCHARD OWNER ADDRESSES SEVERE DROUGHT CONCERNS HOPES FOR RAIN,positive
"Quantbot Technologies LP Takes $1.10 Million Position in Principal Financial Group, Inc. (NYSE:PFG)",positive
"Labour's tax raid on North Sea oil and gas industry could cost up to 100,000 jobs and £30billion worth of investments, business leaders warn",positive
Angad Bedi: Leading the Path to Reinvention and Global Expansion,positive
Dredging Vermilion Harbor [Image 3 of 5],positive
Cult Classic ‘The Toxic Avenger’ pretende limpar o retorno dos quadrinhos,positive
"Salango ‘disappointed’ aquatics center won’t be part of Capital Sports Center, for now",positive
Inside evolving FIFA 2026 World Cup plan to cash in on the rise of high-end sports tourism,positive
The best Prime Day tech deals you can grab for $100 or less,positive
The Cigna Group (NYSE:CI) Shares Sold by Oppenheimer & Co. Inc.,positive
L3Harris Technologies : supports Air Astana's growing training capacity with second Reality7e A320neo Full Flight Simulator,positive
"WTMJ Conversations: Independent Presidential Candidate RFK, Jr. and a Look at the Kennedy Family Political Dynasty",positive
Allianz : What to watch,positive
Here's how AI Is changing NASA's Mars rover science,positive
"Empirical Financial Services LLC d.b.a. Empirical Wealth Management Makes New Investment in Marvell Technology, Inc. (NASDAQ:MRVL)",positive
"Unity Bancorp (NASDAQ:UNTY) Releases Quarterly Earnings Results, Misses Expectations By $0.01 EPS",positive
"Four Years After Ratifying the Minamata Convention, Mercury Use in ASGM Persists",positive
British Prime Minister Keir Starmer Visits Arlington National Cemetery [Image 38 of 38],positive
"In A New Study, 94% Of AI-Generated College Exams Went Unnoticed And Consistently Outperformed Real-Life Students",positive
"Our ‘What To Watch’ TV List Features ‘Supacell,’ ‘Love Island USA’ & ‘Presumed Innocent’",positive
CSG International : How Integrated Capabilities Can Accelerate Your Fiber Network Launch,positive
Fort Moore Vet Warns: Heartworm Prevention is Essential for Your Dog’s Health,positive
July 18 Vallejo/Vacaville Arts and Entertainment Source: Activities,positive
FLOTEK'S JP3 ANALYZER RECEIVES EPA APPROVAL FOR OIL AND GAS FLARE MONITORING REGULATIONS,positive
"Imizamo Group Ltd: TCL Electronics Announces the 115""X955 MAX Premium QD-Mini LED TV, Its Latest Innovation in Home Entertainment",positive
Eni And KazMunayGas Announce Commencement Of Construction For 250 MW Hybrid Power Plant In Kazakhstan,positive
Empirical Financial Services LLC d.b.a. Empirical Wealth Management Purchases 178 Shares of Trane Technologies plc (NYSE:TT),positive
Who Are Keon Sabb’s Parents? Meet the Family of Alabama Safety,positive
Bringing Teams Together – The Power of Quarterly Outings,positive
Fawcett accused of fronting scheme for hostile takeover,positive
SBA Communications Co. (NASDAQ:SBAC) Shares Bought by SG Americas Securities LLC,positive
Patrick Beverley provides intriguing update on his NBA future,positive
Pomerantz Law Firm Reminds Shareholders with Losses on their Investment in CVS Health Corporation of Class Action Lawsuit and Upcoming Deadlines - CVS,positive
"Oppenheimer & Co. Inc. Has $4 Million Position in CoStar Group, Inc. (NASDAQ:CSGP)",positive
Novus Holdings Invests R55 Million in AI Innovation Company,positive
3 reasons why Suryakumar Yadav has been picked over Hardik Pandya,positive
"With record number of interns, NSF is ‘intentional’ about career growth",positive
"Celebrities are getting $2,000 MRI scans to learn about their health. Should you?",positive
"Recurrent gene flow between Neanderthals and modern humans over the past 200,000 years | Science",positive
"Quantbot Technologies LP Takes $1.02 Million Position in M/I Homes, Inc. (NYSE:MHO)",positive
EDITORIAL: Why Canada’s public infrastructure is failing,positive
"Wealthspire Advisors LLC Buys Shares of 26,853 Whole Earth Brands, Inc. (NASDAQ:FREE)",positive
OPMG staffer promotes to Lt. Col. [Image 9 of 10],positive
"Wealthspire Advisors LLC Sells 555 Shares of Keysight Technologies, Inc. (NYSE:KEYS)",positive
3rd annual Marian Days celebration at Christ Cathedral expects largest crowd yet,positive
"Amkor Technology, Inc.: Infineon and Amkor Sign Memorandum of Understanding To Stimulate Sustainable Action Across the Supply Chain",positive
Blockchain Technologies ETF (TSE:HBLK) Shares Up 0.4%,positive
Football : Accord trouvé entre Villarréal FC et Bertrand Traoré pour son retour à l'Ajax,positive
"Empirical Financial Services LLC d.b.a. Empirical Wealth Management Has $1.04 Million Stock Holdings in ServiceNow, Inc. (NYSE:NOW)",positive
Air Force Research Laboratory welcomes new commander [Image 5 of 7],positive
"‘We didn’t do enough for sports’, president admits",positive
QX Global Group Secures Major Growth Investment from Long Ridge Equity Partners,positive
La Fiscalía anuncia que Bolivia pedirá la extradición de la esposa de Marset,positive
Jaffa Coffee Roasters opens in Berkeley,positive
Do you have COVID? Here’s how long the CDC recommends you stay home,positive
Buskers takeover downtown Roanoke with “how to” workshop,positive
Loughrey plays in Ireland’s defeat to Germany,positive
New commander takes charge of HHC at HRC [Image 10 of 13],positive
Kicillof participó del Plenario Nacional de la CTA,neutral
Industrials Gain on Rate Cut Hopes - Industrials Roundup,neutral
"Broker maintains target on Roivant Sciences stock, keeps Overweight rating",neutral
Wrap Technologies (OTCMKTS:WRTC) Stock Price Down 0.6%,neutral
Ronnie O’Sullivan eyeing pinnacle of another sport after snooker retirement,neutral
"VEXT Science, Inc.: Vext Secures Dual-Use Provisional Licenses, Nears Launch of Adult-Use Cannabis Sales in Ohio",neutral
"Earth science tech COO buys $4,980 in company stock",neutral
B.C. premier says ‘zero’ chance of no-prescription opioids,neutral
Sphere Entertainment (NYSE:SPHR) Price Target Raised to $45.00 at Morgan Stanley,neutral
Estos son los dos nuevos cursos gratuitos de Rincón de la Victoria con certificado de profesionalidad,neutral
Samyang Corp Showcases Specialty Ingredients at World's Largest Food Technology Expo,neutral
“Vannacci bocciato come vicepresidente dei Patrioti d’Europa”: contro il generale tutte le delegazioni tranne l’italiana,neutral
"Quantbot Technologies LP Purchases 14,422 Shares of Walmart Inc. (NYSE:WMT)",neutral
"Vicepresidenza dei Patrioti a Vannacci verso la bocciatura. La Lega frena: ""Nessuna decisione definitiva""",neutral
"Selvaggio, disponibile il nuovo singolo “Non passerà mai”",neutral
HeNan Splendor Science Aktie: Das sollte jetzt jeder wissen!,neutral
EA FC 25 Svelato Il Nuovo Sistema Di Gestione Dei Calci D’Angolo,neutral
Lisata to use Haystack technology to evaluate pancreatic cancer asset certepetide,neutral
Croc's deadly last meal in Ancient Egypt unearthed,neutral
"Surova istina Radeta Bogdanovića posle finala Eura: ""Znam da nas ovo sve boli zbog Novaka Đokovića...""",neutral
"Marvell Technology COO Chris Koopmans sells $369,400 in stock",neutral
Zhejiang Jinggong Science Aktie: Das wird bald in aller Munde sein!,neutral
"Spitzen-Start: 4,6 Millionen Menschen sehen ""Murmel Mania"" in SAT.1 / 9,4 Prozent Marktanteil",neutral
Disneyland closes 6 attractions during busy summer season,neutral
Der Tesla der Lebensmittelindustrie: Wie CULT Food die Revolution der zellulären Landwirtschaft anführt,neutral
Silicon Valley Royalty Put on the MAGA Hat and Open Their Wallets,neutral
Transmit Entertainment Aktie: Endlich verständlich – ein Überblick!,neutral
Diablo 4 Vessel of Hatred: Blizzard fissa data e ora del Deep Dive sullo Spiritista,neutral
CULT Food Science-Tochter Further Foods kündigt zeitnahes Design für Studie zu kultiviertem Fleisch in Haustiernahrung an,neutral
C4 Therapeutics to Present Preliminary Monotherapy Data from the Ongoing Phase 1 Trial of CFT1946 as a Mini Oral Presentation at the ESMO Congress 2024,neutral
"Lions season tickets 2024: Cheapest price, cost, seating map for every home game at Arrowhead in Kansas City",neutral
Rajeev Chandrasekhar presents proposal for setting up research and innovation cluster in Thiruvananthapuram,neutral
Overwatch 2 accoglie Juno: la nuova eroina di supporto giocabile gratis questo weekend,neutral
Softbalsters kunnen wereldtitel vergeten na verlies tegen Canada,neutral
402nd SWEG: Cultivating Tomorrow's Cyber Defenders [Image 1 of 7],neutral
"EA SPORTS FC 25, iniziano i preordini su Amazon Italia al prezzo minimo garantito",neutral
L’Equipe: Ligue 1 pronta a accettare offerte Dazn e Bein Sports per diritti tv,neutral
Biodexa Announces Phase 2a Study of Tolimidone in Type 1 Diabetes Approved by Health Canada,neutral
"Tencent Music Entertainment Group to Report Second Quarter 2024 Financial Results on August 13, 2024",neutral
"This is Carlos Alcaraz's time. His brutal - yet beautiful - battering of Novak Djokovic shows the baton in men's tennis has well and truly been passed, writes RIATH AL-SAMARRAI",neutral
"Kitchen Inspections: July 11-17, 2024",neutral
"Quoten-Flop: ""RTL EM-Studio"" wird zum Finalspiel abgesetzt!",neutral
"Generale Vannacci scatenato, come stronca le inviate di La7: una ""feroce"" doppietta",neutral
Aged Care Association: Hundreds of aged care beds to attract premium charge if Health NZ doesn’t spend more,neutral
"Applied DNA Sciences, Inc.: U.S. Defense Logistics Agency Exercises 1-Year Option Period in Applied DNA Counterfeit Mitigation Contract",neutral
"""Ich hätte viel dafür gegeben, so Gitarre spielen zu können wie Jimmy Page oder Eric Clapton"": Fred Kogel zu Gast im Banijay-Podcast ""WOLTER TALKS""",neutral
"Affari Tuoi resta in Rai, ma conduttore avverte: “C’è un fuggi fuggi generale”",neutral
"Casa, Stanzione (Cgil): riattualizzare proprietà indivisa",neutral
Vishay Precision Group Announces Date for Its Second Quarter Fiscal 2024 Earnings Conference Call,neutral
"Concord, è disponibile la Beta con accesso anticipato su PS5 e PC",neutral
Sunn Stream Chooses Brightcove to Operate New Streaming Service Offering Family-Friendly Entertainment and Educational Content,neutral
"Sei Investments Co. Acquires 250,354 Shares of Caesars Entertainment, Inc. (NASDAQ:CZR)",neutral
Scotch Malt Whisky Society owner ASC sets out new goals after cracking £100 million cask milestone,neutral
"BNP Paribas Financial Markets Has $1.88 Million Stake in USANA Health Sciences, Inc. (NYSE:USNA)",neutral
FMC Corporation signs definitive agreement to sell Global Specialty Solutions business to Envu,neutral
Jeux Olympiques Paris 2024 : Les athlètes sénégalais seront reçus par Diomaye Faye,neutral
Diese wichtige Botschaft hat Halle Bailey für alle Neu-Mamas,neutral
"GNW-Adhoc: Basware entscheidet sich für Foundry for AI by Rackspace, um die Programmierung in der unternehmenseigenen Verarbeitungssprache für die Datenintegration zu vereinfachen",neutral
Wells Fargo &#038; Company Cuts Caesars Entertainment (NASDAQ:CZR) Price Target to $53.00,neutral
Nintendo: arriva un regalo inaspettato con l’aggiornamento gratuito,neutral
ALIT Indonesia empowers marginalized children to improve their standard of living,neutral
"Koninklijk eerbetoon aan Frans Willeme, meest spraakmakende Twentse burgemeester van deze eeuw",neutral
Ahmedabad University announces Bagchi School of Public Health with ₹55 crore grant,neutral
"Jiangxi Lianchuang Optoelectronic Science and Aktie: Wer abwartet, ist gut beraten",neutral
FC 24 SBC Icona a scelta mista 92+,neutral
Abbott plans marketing push for glucose monitors beyond diabetes,neutral
Colt CZ : Sellier & Bellot to deliver technology for ammunition production in Ukraine,neutral
Texas Gov. Greg Abbott demands answers as customers remain without power after Beryl,neutral
From the lab to the classroom: This Pinecrest Academy teacher found her passion for education through science,neutral
Roland Kaiser: Seltene Aufnahmen! Roland Kaiser zeigt seine Enkeltochter,neutral
Hockeysters scoren dertien keer in oefenduel met Japan,neutral
65 Zoll Fernseher Test: 35 XL-TVs im großen Vergleich,neutral
Soutenance de thèse de doctorat en médecine : Guy Thierry Ki obtient le grade de docteur avec la mention « Très honorable »,neutral
"„Sport hat therapeutische Züge bei mir, ohne geht es schnell ins tiefe Tal“",neutral
Andhra Pradesh Police Embrace Technology to Enhance Law Enforcement,neutral
Brightcove Inc.: Sunn Stream entscheidet sich für Brightcove als Betreiber eines neuen Streamingdienstes mit familienfreundlichen Unterhaltungs- und Bildungsinhalten,neutral
Sellas Life Sciences Aktie: Ein Crash wie aus dem Lehrbuch!,neutral
Are Artificial Sweeteners Safer Than Sugar?,neutral
Turnitin Helps Educators and Publishers Advance Critical Thinking with New AI Paraphrasing Detection Feature,neutral
UK artificial intelligence bill and the King’s speech ...Tech & Science Daily podcast,neutral
„Schon was in den Knochen“: ARD und ZDF ächzen unter EM und Olympia,neutral
Politik gegen Kurzzeitvermietung: Tausende Zürcher Business-Apartments könnten illegal werden,neutral
Loop Media Announces NYSE American Acceptance of Plan to Regain Compliance,neutral
"CVB Financial : Market Perspectives &ndash; Second Quarter, 2024",neutral
Hunan Baili Engineering Science and Aktie: Was DAS für den Kurs bedeutet!,neutral
"Samsung Unpacked: Galaxy Ring, folding phones & more ...Tech & Science Daily podcast",neutral
"133d Army National Guard band hits the road during ""Summer Tour""",neutral
Das ist Prinz William und Kates Ablenkung im Krebskampf!,neutral
Covid-19 : une étude révèle pourquoi certaines personnes ne l'ont jamais eu - CNEWS,neutral
"La star di Terra Amara, Murat Ünalm??, ospite alla XII edizione dell’Ariano International Film Festival",neutral
Corte dei Conti: parificato bilancio della Regione. Giani soddisfatto. Ma Forza Italia attacca: “Dati allarmanti”,neutral
Guardant Health Aktie: Es gibt was neues!,neutral
Lower Hutt clinic with just one GP insists it can meet patients’ needs,neutral
"Achieve Life Sciences, Inc. (NASDAQ:ACHV) Short Interest Up 35.7% in June",neutral
‘Sky's the limit’: Winnipeg's breaking community hopes to see sport grow with Olympic debut,neutral
“Tot op de Bosuil”: clubicoon Hans-Peter Lehnhoff maakt Antwerp-fans warm voor galamatch tegen Parma,neutral
Photos: See what sports stars wore on the ESPYS red carpet,neutral
Cronos Group (NASDAQ:CRON) versus Paranovus Entertainment Technology (NASDAQ:PAVS) Head-To-Head Comparison,neutral
Estendere la durata della batteria dei veicoli elettrici,neutral
Chamisa's lawyer reports General Sanyatwe to Chigumba,neutral
"Tour de France 2024, tutte le classifiche: Pogacar doppio leader, Evenepoel miglior giovane",neutral
Connector Brewing looks to bring people together (Think Local),neutral
The Hindu to host webinar on ‘Understanding Brain Health’ on July 22,neutral
Allergy specialist in air quality warning: 'Abysmal environmental conditions',neutral
Leading Real Estate Technology Company Repliers Secures Seed Funding From Scale Shift Ventures,neutral
STEMTECH CORPORATION Update to Shareholders & Independent Business Partners,neutral
Announcing the 2024 Security Innovator Awards,neutral
"L&#8217;addio di Mbappé fa crollare la Ligue 1: diritti tv venduti per la metà, per i club è un disastro",neutral
Jackery Explorer 100 review: This is one of the first items I'll be packing when I go camping this year,neutral
Premier League fixtures 2024/25: Every first round game as Chelsea handed brutal start,neutral
Cancer Therapeutics Market is Projected to Attain a USD 299.13 Billion Valuation in 2031 On the Back of High Demand for Novel Cancer Treatments | SkyQuest Technology,neutral
BM Technologies (NYSE:BMTX) Trading Up 14.8%,neutral
"Parigi 2024: arriva l’Italia! Con Malagò i primi atleti in Francia: tiro a volo, canoa e vela",neutral
Il nuovo Comandante della Legione Carabinieri ‘Campania’ in visita a Benevento,neutral
"Are you being served? Aldi follows Coles, Woolworths into self-service checkouts",neutral
Tour de France: Tadej Pogacar en remet une couche au sommet du Plateau de Beille,neutral
Star Wars Outlaws: mostrati 10 minuti di gameplay,neutral
UK weather: Health warning issued as mini-heatwave expected with temperatures set to hit nearly 30C,neutral
Henkel Named as a 2024 Best Place To Work for Disability Inclusion by Disability:IN and the American Association of People With Disabilities,neutral
"Where was the Euro 2024 final? Stadium, host city for showpiece match at UEFA European Championship",neutral
Head-To-Head Survey: Fractyl Health (NASDAQ:GUTS) vs. Neuronetics (NASDAQ:STIM),neutral
FOXO Technologies : Announces Receipt of Notice of Non Compliance with NYSE Continued Listing Requirements Form 8 K,neutral
dsm-firmenich to sell MEG-3® fish oil business to KD Pharma Group,neutral
"What if renewables don’t deliver the cheapest power, after all?",neutral
"Sports in Marin: Monday, Tuesday",neutral
Senmiao Technology Aktie: Der Knaller!,neutral
FC 24 Evoluzione Un nuovo 9,neutral
Strategic Buy Lights Up This Biotech Stock: Time to Invest?,neutral
Alpha Partners Technology Merger Aktie: Selbst wir haben nicht damit gerechnet,neutral
"Devs de Warhammer 40,000: Space Marine 2 lamentam a build de quase um ano vazada",neutral
San Jose Sports Hall of Fame announces Class of 2024,neutral
Infrastructure officials detail Ontario Science Centre structural issues,neutral
"Fleetwood landfil site must continue to suspend activities until vile odour stops, says Environment Agency",neutral
"Avatar: Frontiers of Pandora, da recuperare con la promozione del Prime Day",neutral
Uni Bio Science Aktie: Das Vertrauen entzogen!,neutral
Uzbek restaurant Downtown ordered to close by the Health Department for the second time this year,neutral
Health Department objects to Tamil Nadu’s immunisation data in NITI Aayog report,neutral
Orc Must Die: Deathtrap annunciato con traile e periodo d'uscita,neutral
18th Field Artillery Brigade Pregnancy and Postpartum Physical Training [Image 2 of 10],neutral
"Upwork to Report Second Quarter Financial Results on August 7, 2024",neutral
Stocks that will see action today: July 16,neutral
"Classifica Giro d’Italia femminile 2024: trionfa Elisa Longo Borghini, Realini in top10",neutral
Sotera Health (NASDAQ:SHC) Shares Purchased by Duality Advisers LP,neutral
Hospital operator Ardent Health raises $192M via downsized IPO,neutral
The Karate Kid Street Rumble annunciato con un Trailer,neutral
Overwatch 2 is teasing its new hero in game — with some big lore implications,neutral
"GSA Capital Partners LLP Sells 26,530 Shares of Inspired Entertainment, Inc. (NASDAQ:INSE)",neutral
Analysts slash targets on Corus Entertainment amid uncertainty over its future,neutral
"Denaro e regali per avere la patente nautica, raffica di arresti",neutral
Mitsubishi Gas Chemical : MGC Signs Business Collaboration Agreement to Explore Entry into Nucleic Acid Drug CDMO Business,neutral
La Roja dérape : chants anti-Maroc après la victoire à l'Euro,neutral
"EA Sports FC 25, Rush prende il posto di Volta: come funziona la nuova modalità?",neutral
Poll: Cancer Tops Public Health Concerns - Mirage News,neutral
Woke Science Has Already Cost You Millions,neutral
Elevance Health Q2 2024 Earnings Preview,neutral
“Have STRAINger Things”: Trilateral Partnership Results in Test Instrumentation Breakthrough [Image 1 of 4],neutral
GigaCloud Technology: Capitalizing On Network Effects And Consumer Trends,neutral
Vorsicht vor der Xinjiang Goldwind Science-Aktie?,neutral
Huobi Technology Holdings Aktie: Es gibt was neues!,neutral
"Quantinuum und das Hartree Centre des Science and Technology Facilities Council (STFC) arbeiten zusammen, um die Quanteninnovation und -entwicklung in Großbritannien voranzutreiben",neutral
El techo de gasto para 2025 se eleva a casi 200.000 millones de euros,neutral
"La psilocybine «réinitialise» les réseaux neuronaux et altère le cerveau pendant des semaines, révèle une étude - Trust My Science",neutral
Ubisoft Entertainment : Document AMF CP. 2024E987007,neutral
"Star Trek, William Shatner: ""Non ho mai guardato le serie e gli spin-off, preferisco i documentari e lo sport""",neutral
"Norden Group LLC Takes Position in Elevance Health, Inc. (NYSE:ELV)",neutral
Chiefs' Andy Reid discusses how Travis Kelce handles Taylor Swift relationship,neutral
SG Americas Securities LLC Has $4.61 Million Holdings in Zebra Technologies Co. (NASDAQ:ZBRA),neutral
18th Field Artillery Brigade treatment from the Holistic Health and Fitness team [Image 6 of 10],neutral
Puerto Rico Hits Oil Industry With $1 Billion Lawsuit Over ‘Climate Change’ Effects,neutral
"Team USA coach Kerr, Steph react to ‘demoralizing' Trump shooting - NBC Sports Bay Area",neutral
ConnectM Completes Business Combination with Monterey Capital Acquisition Corporation,negative
Ric Flair outraged he was left off ESPN’s greatest athletes of 21st century list,negative
Fairchild AFB Conducts No-Notice Nuclear Operational Readiness Inspection [Image 1 of 3],negative
3rd Wing commander completes final flight [Image 12 of 18],negative
"What is the EPA Hiding at the Landfill in Uniontown, Ohio?",negative
‘I Hope It Doesn’t Get Worse’ – Carlos Alcaraz’s Anxious Coach Cites a Major Concern Ahead of Wimbledon Semi-Final,negative
"Paris, LA and now Jenolan Caves: Funicular railway plan revealed",negative
Fresno man pleads guilty in $1.5M employer embezzlement,negative
Health Ministry mulls amending rules to include details of excipients in drugs information,negative
Ryan Garcia Charged with Vandalism After June Arrest; Faces Up to 1 Year in Jail,negative
Syra Health Shares its Artificial Intelligence (AI) to Protect Privacy by Redacting Personally Identifiable Information,negative
AB Science S.A. (OTCMKTS:ABSCF) Short Interest Down 35.0% in June,negative
Scientists reveal the ideal number of poops you should be doing each week for your health,negative
All-electric fixed-wing aircraft delivers cargo to Dover AFB [Image 4 of 9],negative
Green Future Food Hyd Mar Sc Aktie: Was kommt da auf sie zu?,negative
Andrew Perloff calls Bill Belichick ‘hypocrite’ for pursuing NFL media career,negative
How Ellen DeGeneres’ fall from grace in 2020 began with a single tweet,negative
Where to unlock the Arcadion raids in FFXIV,negative
Falcons planning to use Kyle Pitts at 2 positions,negative
LogicMonitor’s Justin Fessler Shares Thoughts on US Government Tech Transformation,negative
"Survey: Nearly half of small businesses couldn’t cover June rent, but conditions improve in Illinois",negative
NMCB 18 and 647th Civil Engineer Squadron Learn New Technology from ERDC [Image 7 of 11],negative
"Set To Play Raiders, Davantae Adams Thinks QB Aidan O’Connell Is In Driver’s Seat",negative
Rob Manfred considering much-needed change to MLB All-Star Game,negative
Can a Medicaid plan that requires work succeed? First year of Georgia experiment is not promising,negative
MACOM Dedicates Lowell Campus in Honor of John L. Ocampo,negative
"Bronny James live stats: Lakers vs. Rockets score, updates, highlights from 2024 NBA Summer League game",negative
"Velo3D, Inc. Receives Continued Listing Standards Notice from the NYSE",negative
Sen. Bob Menendez guilty of taking bribes in cash and gold and acting as Egypt’s foreign agent,negative
HighCo: Q2 2024 Gross Profit,negative
"Outdoor Shutters Market Worth US$ 6.9 Billion by 2034: Smart Home Technology Integration as a Key Driving Factor, Highlighted by Transparency Market Research",negative
Align Technology: The Short-Sellers Are Wrong,negative
Life Sciences Firms Adopt Tools to Modernize Clinical Trials,negative
ValGenesis Inc.: ValGenesis and Pharmasys in Strategic Partnership to Enhance Compliance in European Life Sciences,negative
Opinion: Alberta’s grizzly bear management should be science-based,negative
Trump says 'I'm for TikTok' as potential US ban looms,negative
‘Proud of the pantry’: Why Aldi wants your basket full of ‘exclusive’ items rather than ‘cheap’,negative
The J.M. Smucker Co. Announces Dividend Increase,negative
Army Civil Affairs Shares Expertise In Defense Data Analytics [Image 1 of 2],negative
Huayi Tencent Entertainment Aktie: Finger weg?,negative
Biden llama a su secretario de Defensa «el hombre negro»,negative
All-electric fixed-wing aircraft delivers cargo to Dover AFB [Image 3 of 9],negative
"Windrose Consulting Group Announces the appointment of Jose Galan as a Partner, to continue its growth as a leader in Global Pricing & Market Access Strategy Services",negative
8th CES conducts rescue exercise [Image 6 of 6],negative
Fairchild AFB conducts No-notice NORI [Image 1 of 9],negative
The Four Offenses With A 90+ Rating In ‘EA Sports College Football 25’,negative
Tyndall Sports Complex [Image 4 of 6],negative
Merck verstärkt sich bei KI-Chipentwicklung mit Übernahme von Unity-SC,negative
"Soldiers share stories - grow relationships, resiliency [Image 1 of 4]",negative
Red Sox draft Fox analyst David Ortiz’s son D’Angelo,negative
"My cat Norbert loves this smart litter box, and it's discounted for Prime Day",negative
Stanley Kubrick estate leads tributes to The Shining star Shelley Duvall (Entertainment),negative
Meta Removes Heightened Suspension Penalties From Donald Trump's Accounts,negative
AI and the digital scramble for Africa,negative
Hall of Fame Resort &#038; Entertainment (NASDAQ:HOFVW) Short Interest Down 21.2% in June,negative
Thermo Fisher Scientific Declares Quarterly Dividend,negative
"Where to watch Euro 2024 final: England vs. Spain live stream, TV channel, lineups and prediction",negative
Biden appears to struggle with Lloyd Austin’s name as he recounts controversy of putting ‘black man’ in position,negative
Wave Life Sciences (NASDAQ:WVE) Trading Down 3.5%,negative
"PulluP Entertainment: 2024/25 first-quarter revenue of EUR34.2m, driven by a solid back-catalogue up sharply by 17%",negative
Beyond the Care Desert: Addressing the Hidden Challenges to Rural Maternal Mental Health Care,negative
"Sports Briefs: Mill Valley LL earns redemption, advances closer to title shot",negative
Fairchild AFB conducts No-notice NORI [Image 3 of 9],negative
RIDOH recommends Scituate pond be closed to swimming,negative
Andy Samberg says 'SNL' run took a 'heavy toll' on his health: 'You're not sleeping',negative
Global X Telemedicine &#038; Digital Health ETF (NASDAQ:EDOC) Short Interest Down 20.0% in June,negative
"Lucas Systems, Inc.: New AI-Powered Dynamic Slotting Simplifies Warehouse Reslotting With Click Of a Button",negative
Army Civil Affairs Shares Expertise In Defense Data Analytics [Image 2 of 2],negative
All-electric fixed-wing aircraft delivers cargo to Dover AFB [Image 9 of 9],negative
Spanish Air Force participates in Arctic Defender 24 [Image 1 of 8],negative
Complex impact of large wildfires on ozone layer dynamics unveiled,negative
Pharma-funded Republican comes out swinging against medical debt cancellation,negative
Google brings AI to US broadcast of Paris Olympics,negative
Here’s how a new mom transformed her sleep deprivation into a booming business,negative
"Krishnamoorthi secures $500,000 in grants for roads near Hoffman Estates' Bell Works development",negative
Dozens killed in Gaza attack,negative
Fairchild AFB conducts No-notice NORI [Image 2 of 9],negative
Community Financial System : Code of Business Conduct and Ethics,negative
Gaza talks halted. Israeli “internal discord” blamed for failure to reach a deal,negative
The things we learn in The Guardian,negative
Severe Droughts Limit Amazonian Communities’ Access To Basic Services,negative
BJP conspiring to kill Kejriwal in jail: AAP,negative
"WWE Women’s Champion Bayley: ‘Yes, why not?’ to ‘Evolution 2’",negative
Short Interest in Coast Entertainment Holdings Limited (OTCMKTS:ARDLF) Declines By 34.3%,negative
Fairchild AFB conducts No-notice NORI [Image 4 of 9],negative
Photos | Youngsters race in Fortuna Rodeo Street Games,negative
NMCB 18 and 647th Civil Engineer Squadron Learn New Technology from ERDC [Image 6 of 11],negative
"Commandant, Gen. Smith, Speaks with TBS",negative
The Art Forger Had Fooled Thousands. Then He Met Doug.,negative
"Teladoc Health Introduces Pediatric, Adolescent and Family Mental Healthcare Through Partnership with Brightline",negative
OVBC ANNOUNCES CASH DIVIDEND,negative
WFAN host Brandon Tierney’s pen malfunction makes inky mess,negative
"Unlocking the Secrets of LUCA, Earth’s Earliest Life Form - SciTechDaily",negative
Health Matters: Depression is both common and treatable,negative
"TIMBERLINE RESOURCES INVESTOR ALERT by the Former Attorney General of Louisiana: Kahn Swick & Foti, LLC Investigates Adequacy of Price and Process in Proposed Sale of Timberline Resources Corporation - TLRS",negative
"Slow recovery for tornado-hit Sulphur, Marietta businesses",negative
Sports world reacts to Ingrid Andress being drunk during Home Run Derby anthem,negative
Spanish Air Force participates in Arctic Defender 24 [Image 3 of 8],negative
PNM Resources Board Declares Quarterly Common Stock Dividend,negative
Seabees and 647th Civil Engineers Learn New Technology from ERDC [Image 1 of 11],negative
From training to readiness: Air Force and VHA enhance emergency preparedness together [Image 3 of 6],negative
JB Hunt's profit falls 24% on continued industry headwinds,negative
319th Integrated Resiliency Office Mental Health Resources,negative
T20I captaincy & wife both gone! Fans support Hardik Pandya on ‘worst day’ of his life,negative
Former SBTi employee files complaint with British charity watchdog,negative
Israeli Strikes Kill Over 20 and Hit Another U.N. Building in Gaza,negative
908th Chaplain takes call to serve to new heights,negative
Former Georgia insurance commissioner sentenced to prison after pleading guilty to health care fraud,negative
COMMENT: Zanu-PF’s development agenda resonates with Zimbabweans,negative
Centaurus Energy Inc: Centaurus Energy Announces Plans to Focus on Investing Directly in Physical and Digital Commodities and Related Proposed Change of Business into an Investment Issuer,negative
Ginnastica ritmica: l’Italia chiude al quarto posto a Cluj Napoca,negative
Freedom Fest 2024 [Image 4 of 12],negative
Eagles extend Sphere residency due to 'overwhelming demand' (Entertainment),negative
Jack Black ends Tenacious D tour after bandmate's Trump shooting comment (Entertainment),negative
"Jerry Rice Threatens Reporters On Golf Course, 'I Will F*** You Up'",negative
Caesars Entertainment (NASDAQ:CZR) Downgraded to Negative at Susquehanna,negative
L&T Technology Services reports 1% growth in Q1 profit due to lower margins,negative
AI is the tech sector’s ‘biggest catalyst’ for innovation: famed investor Cathie Wood,negative
"SpaceX space junk crashed onto Saskatchewan farmland, highlighting a potential impending disaster",negative
Over 140 People Killed by Israeli Strikes in Gaza Strip Over Past Day - Health Ministry,negative
Volpe Center Looking Into Sources for Mission Information Technology Support Services II Requirement,negative
"Richard Simmons, a fitness guru who mixed laughs and sweat, dies at 76",negative
Jesse Lee Soffer won’t play the same Chicago P.D. character as he joins FBI: International,negative
Yankees blow game against Orioles with 2 awful defensive mistakes,negative
Doctors at Belagavi Institute of Medical Sciences conduct complex surgery,negative
3-time NBA champion eyeing return to league,negative
Protecting warfighters: Navy hosts summit on blast overpressure safety [Image 3 of 4],negative
Arch Manning rating raises questions about ‘College Football 25’ video game,negative
Dungeonborne: il dungeon crawler dark fantasy multiplayer ha una data per l'Early Access,negative
Factbox-Who is speaking at the Republican National Convention?,negative
Ubisoft: Crédit Agricole CIB falls below 10% of voting rights,negative
Tyndall Sports Complex [Image 6 of 6],negative
Man 'transforms physique' in just one month with 45-minute workout,negative
Fairchild AFB Conducts No-Notice Nuclear Operational Readiness Inspection [Image 3 of 3],negative
Eerie pictures show deserted M60 and streets in Manchester as millions watch England in Euro 2024 final,negative
State hires firm to help find buyers for 4 state-run hospitals,negative
DVD Rental Kiosks Business Redbox is Shutting Down,negative
3 Guys Before The Game – Wren Baker Visits (Episode 561),negative
Summer pause: Small business sales growth tapers in June as consumers take a breather on spending,negative
Legal & General : L&G bolsters global asset management client distribution team with senior hire,negative
NMCB 18 and 647th Civil Engineer Squadron Learn New Technology from ERDC [Image 4 of 11],negative
[Today’s K-pop] Stray Kids renew contract with label,negative
PENN Entertainment cutting staff at ESPN Bet,negative
Dawber promotion_6169 [Image 3 of 3],negative
US FTC issues warning to franchisors over unfair business practices,negative
"At least 5 killed in explosion targeting a busy cafe in the Somali capital, police say",negative
Melco Resorts &#038; Entertainment Limited (NASDAQ:MLCO) Shares Sold by Duality Advisers LP,negative
"Network marketing: cos’è e come si è evoluto, dalla fine dell’Ottocento ai giorni nostri",negative
BLOG: The invisible monster devouring the California dream,negative
"Metabolon, Inc.: Metabolon Expands Library to Include 70 Pesticides, Advancing Human Exposome Insights through Metabolomics",negative
[Editorial] Trump’s reelection odds,negative
Biden pushes his ‘blue wall’ sprint with a Michigan trip as he makes the case for his candidacy,negative
NMCB 18 and 647th Civil Engineer Squadron Learn New Technology from ERDC [Image 9 of 11],negative
STEM Fest [Image 2 of 9],negative
Fairchild AFB conducts No-notice NORI [Image 5 of 9],negative
Paul Skenes finds out about big All-Star Game decision during live interview,negative
[KH Explains] Here's why 'sugar-free' is not such a sweet deal,negative
"Eva Longoria: il successo e i fallimenti, la famiglia, la ""casalinga disperata"" e la miniserie ""Land of Women"". Ecco che cosa ci ha raccontato",negative
‘People don’t want to talk’: The taboo ‘zombie’ problem in medical science,negative
ESPN not interested in Skip Bayless reunion after ‘Undisputed’ departure bombshell,negative
Plain old bad luck? New Jersey sports betting revenue fell 24% in June from a year ago,negative
Tyndall Sports Complex [Image 3 of 6],negative
"Coca-Cola Consolidated, Inc. Announces Third Quarter Dividend",negative
8th CES conducts rescue exercise [Image 1 of 6],negative
"US senators call out Big Tech’s new approach to poaching talent, products from smaller AI startups",negative
"È morto Richard Simmons, addio al volto di General Hospital (e non solo)",negative
WATCH: Biggest moments from the ESPYs,negative
Movie Review: A new generation drives into the storm in rousing ‘Twisters’,negative
Netanyahu Admits He Doesn’t Know If Strikes on Gaza ‘Safe Zone’ Killed Hamas Military Commander,negative
Oxford Study Finds Ozempic Lowers Risk Of Dementia,negative
