id,text
0,Cheer (NASDAQ:CHR) versus Five9 (NASDAQ:FIVN) Critical Analysis
1,Could This Entertainment Stock be the Belle of the Gaming Ball?
2,WellSpan York Hospital ED honored for performance
3,Temperaturas superiores a 30 grados este lunes en Canarias
4,Doping: Positive Tests bei zwei Gewichthebern
5,"Kelowna city staff contend boarding house operating illegally, refuse business licence (Kelowna)"
6,Arizona abortion initiative backers sue to remove ‘unborn human being’ from voter pamphlet language
7,Nominations now open for Small Business BC Awards (Think Local)
8,TKO to Announce Second Quarter 2024 Results
9,Neural networks made of light can make machine learning more sustainable
10,Vermont governor urges residents to report flood damage to the state for FEMA determination
11,Vice Admiral Mary Jackson Named to Jacobs Board of Directors
12,A new anti-ageing drug shows potential for humans
13,Caso Loan Peña: Tarija activa la búsqueda del niño por sospechas de trata
14,GenFlat Holdings Welcomes Six New Advisory Committee Members
15,WAG Dani Dyer sports an England shirt as she joins her dad Danny leading the stars cheering on the Three Lions in the Euros 2024 final
16,"Duality Advisers LP Raises Stock Position in Illumina, Inc. (NASDAQ:ILMN)"
17,Haier Smart Home Intends to Acquire Electrolux South Africa's Water Heater Business
18,Acri Capital Acquisition Corporation Announces Extension of the Deadline for an Initial Business Combination
19,"Vintage: Stiltwalkers, a high-diving mule and other efforts to make State Street great again"
20,Infineon and Amkor Sign Memorandum of Understanding To Stimulate Sustainable Action Across the Supply Chain
21,Self-exiled Chinese billionaire Guo Wengui convicted of defrauding followers after fleeing to US
22,"Two Listeria deaths were in Ontario, health ministry confirms"
23,Ancient microbes offer clues to how complex life evolved
24,Realtor report: Foreign home buying falls 21% in US
25,‘EA Sports College Football 25’ Dynasty Review: The Mode We All Hoped For
26,"Median Technologies Reports Record iCRO Backlog, eyonis&trade; LCS On-Track for Standalone Pivotal Study Readout in August"
27,Paranovus Entertainment Technology Ltd. (NASDAQ:PAVS) Sees Large Decrease in Short Interest
28,LG OLED evo G4 review: A stunning entertainment hub
29,Congreso: Comisión Permanente conforma este miércoles 17 subcomisión para evaluar nueva propuesta para contralor
30,[Robert Fouser] Toward sustainable tourism in Seoul
31,VTuber Model Commissions – Discussion with with Avatar Artist VTubermodel.net
32,Nintendo World Championships: NES Edition sbarca su Switch
33,Prime Day deals under $50: We found 46 of the best tech deals on sale during Amazon's biggest event
34,"Wealthspire Advisors LLC Decreases Stake in Maximus, Inc. (NYSE:MMS)"
35,"The Story Behind “Faster,” George Harrison’s Ode to Auto Racing"
36,"Lions Gate Entertainment Corp. (NYSE:LGF-B) Major Shareholder Purchases $2,527,230.24 in Stock"
37,Hingham Institution for Savings (NASDAQ:HIFS) Announces Earnings Results
38,President asks SDA to reconsider stance on voting in Election 2024
39,Libraries are Cornerstones of Our Communities and They Need Our Help
40,Marin COVID-19 count swells for summer
41,"Knights in battle, horse demonstrations and live music at Bolsover Castle this summer"
42,MCHC welcomes new licensed mental health and family therapist
43,"Arrow Electronics, Inc. (NYSE:ARW) Shares Purchased by QRG Capital Management Inc."
44,New Research Suggests Decreasing Screen Time To Only Three Hours Per Week Can Enhance Children’s Mental Health And Behavior Within Just Two Weeks
45,Former Winsted Selectman Groppo fills vacancy of board
46,What Does It Take to Move an Entire Hospital in 1 Day? Intermountain Health Is About to Find Out
47,Behavioral Health at IRT Ozark Wellness
48,"Where to watch Copa America 2024 final Argentina vs. Colombia: Live stream, TV channel, lineups, prediction"
49,76ers bringing back son of former NBA All-Star
50,"Alimera Sciences, Inc. (NASDAQ:ALIM) Sees Significant Increase in Short Interest"
51,¿Peligra La Jefa Claudia?
52,Booz Allen Hamilton Holding Co. (NYSE:BAH) Stock Position Increased by SG Americas Securities LLC
53,Envestnet Portfolio Solutions Inc. Buys 173 Shares of Moody’s Co. (NYSE:MCO)
54,"Allspring Global Investments Holdings LLC Sells 13,082 Shares of USANA Health Sciences, Inc. (NYSE:USNA)"
55,Genel Energy (OTCMKTS:GEGYY) Shares Down 10.2%
56,"Roy Choi Acquires 140,000 Shares of Allied Gaming & Entertainment Inc. (NASDAQ:AGAE) Stock"
57,"Cole Escola’s ‘Oh, Mary!’ Is Officially the Funniest Entertainment of the Year"
58,"Automatic Data Processing, Inc. (NASDAQ:ADP) Shares Bought by SG Americas Securities LLC"
59,Houston Biz Journal ME Adams departs
60,White Sox in last place on the field and in the TV booth
61,"Zelenski el insaciable: la ayuda de la OTAN ""nunca es suficiente"", dijo"
62,"GSA Capital Partners LLP Decreases Stake in Inspired Entertainment, Inc. (NASDAQ:INSE)"
63,En Jalisco no hay alerta por aumento de casos de Covid-19
64,Heat beat by watermelon
65,You Should Opt Out Of The TSA's New Facial Recognition Scans. Here's How
66,QWI INVESTMENTS : QWI) &ndash; ANNOUNCEMENT RE NET ASSET VALUE OF SHARES
67,My company got sold and no one told us. Is that fair?
68,Preformed Line Products (NASDAQ:PLPC) Shares Sold by Empowered Funds LLC
69,Portland General Electric : PGE customers urged to be alert for utility scams
70,Stevie Nicks at BST Hyde Park review: Harry Styles cameo jars in resonant star’s throwback-heavy show
71,Analysts Set NorthWest Health Prop Real Est Inv Trust (TSE:NWH.UN) PT at C$6.46
72,"ServiceNow, Inc. (NYSE:NOW) Shares Acquired by Wealthspire Advisors LLC"
73,Toni Breidinger Looks Beautiful In White On ESPYS Red Carpet (Special Look)
74,20th Engineer Brigade Best Sapper Competition preparation [Image 8 of 8]
75,"Mashable, PC Mag union wins guarantees against AI"
76,A Reporter Who Sees Meaning in the Stars
77,Tech Down Slightly on Sector Rotation - Tech Roundup
78,U.S. Army helicopter unit conducts medevac from Yukon River cabin
79,Analyzing California Resources (NYSE:CRC) and Hess Midstream (NYSE:HESM)
80,JCDecaux's Group carbon reduction trajectory approved by the SBTi
81,What Strategic Decisions Can Boost Company Revenue?
82,Oppenheimer & Co. Inc. Has $2.37 Million Holdings in BlackRock Science and Technology Term Trust (NASDAQ:BSTZ)
83,15 Most Popular Sports Events According to Baby Boomers: Ranked
84,Health and Happiness Aktie: Deshalb ist sie so schwach!
85,6 Most Memorable Home Run Derby Moments Since 2015
86,"Headlands Technologies LLC Has $86,000 Holdings in MSC Industrial Direct Co., Inc. (NYSE:MSM)"
87,Head to Head Review: Golden Heaven Group (NASDAQ:GDHG) versus Madison Square Garden Entertainment (NYSE:MSGE)
88,Large Turnout For Industry Day: Small Businesses Learn About Army Corps Procurements
89,Is Washington Sundar perfect replacement for Ravindra Jadeja? All-rounder resurrects India career with IND vs ZIM show
90,Bilendi : publishes its second ESG report
91,SG Americas Securities LLC Increases Holdings in Teledyne Technologies Incorporated (NYSE:TDY)
92,Lolita Ayala es vista en silla de ruedas y con tanque de oxígeno; explica cuál es su estado de salud
93,"HitGen Inc.: Evolving DNA-Encoded Library Technology and Its Application for Innovative Drug Discovery, Upcoming Webinar Hosted by HitGen and Xtalks"
94,Nyasango proud of Makarawu
95,"WellCare Welcome Room Opens in Raleigh, Providing Healthcare Resources and Community Support"
96,Entertainment world reacts to England manager Gareth Southgate stepping down
97,"BWA to install a meter in Haymans, St Peter"
98,Brookfield Business Partners L.P. (NYSE:BBU) Short Interest Down 19.5% in June
99,The latest on the investigation of Trump assassination attempt
100,Watch: Travis busk outside the Barrowlands on bus tour of Glasgow
101,Five Indian storytellers for captivating and entertaining storytelling
102,Entrega gobierno federal más de mil 866 mdp en programa La Clínica es Nuestra
103,Morgan Stanley Increases PENN Entertainment (NASDAQ:PENN) Price Target to $21.00
104,LIVE: Fans flock as England hope to achieve Euro first
105,"Beacon Hill looks to advance energy, health care bills as legislative session nears end"
106,Cam Newton has strong take on Bill Belichick’s new girlfriend
107,A new addition to the CRISPR toolbox: Teaching the gene scissors to detect RNA
108,An Elderly Genocider with a Poor Memory
109,"BNP Paribas Financial Markets Buys 5,952 Shares of USANA Health Sciences, Inc. (NYSE:USNA)"
110,Lionesses vs Ireland Women: Live score and latest updates from Euro 2025 qualifier - The Telegraph
111,"World’s first hydrogen-powered commercial ferry set to operate on San Francisco Bay, officials say"
112,LOCAL ORCHARD OWNER ADDRESSES SEVERE DROUGHT CONCERNS HOPES FOR RAIN
113,"Quantbot Technologies LP Takes $1.10 Million Position in Principal Financial Group, Inc. (NYSE:PFG)"
114,"Labour's tax raid on North Sea oil and gas industry could cost up to 100,000 jobs and £30billion worth of investments, business leaders warn"
115,Angad Bedi: Leading the Path to Reinvention and Global Expansion
116,Dredging Vermilion Harbor [Image 3 of 5]
117,Cult Classic ‘The Toxic Avenger’ pretende limpar o retorno dos quadrinhos
118,"Salango ‘disappointed’ aquatics center won’t be part of Capital Sports Center, for now"
119,Inside evolving FIFA 2026 World Cup plan to cash in on the rise of high-end sports tourism
120,The best Prime Day tech deals you can grab for $100 or less
121,The Cigna Group (NYSE:CI) Shares Sold by Oppenheimer & Co. Inc.
122,L3Harris Technologies : supports Air Astana's growing training capacity with second Reality7e A320neo Full Flight Simulator
123,"WTMJ Conversations: Independent Presidential Candidate RFK, Jr. and a Look at the Kennedy Family Political Dynasty"
124,Allianz : What to watch
125,Here's how AI Is changing NASA's Mars rover science
126,"Empirical Financial Services LLC d.b.a. Empirical Wealth Management Makes New Investment in Marvell Technology, Inc. (NASDAQ:MRVL)"
127,"Unity Bancorp (NASDAQ:UNTY) Releases Quarterly Earnings Results, Misses Expectations By $0.01 EPS"
128,"Four Years After Ratifying the Minamata Convention, Mercury Use in ASGM Persists"
129,British Prime Minister Keir Starmer Visits Arlington National Cemetery [Image 38 of 38]
130,"In A New Study, 94% Of AI-Generated College Exams Went Unnoticed And Consistently Outperformed Real-Life Students"
131,"Our ‘What To Watch’ TV List Features ‘Supacell,’ ‘Love Island USA’ & ‘Presumed Innocent’"
132,CSG International : How Integrated Capabilities Can Accelerate Your Fiber Network Launch
133,Fort Moore Vet Warns: Heartworm Prevention is Essential for Your Dog’s Health
134,July 18 Vallejo/Vacaville Arts and Entertainment Source: Activities
135,FLOTEK'S JP3 ANALYZER RECEIVES EPA APPROVAL FOR OIL AND GAS FLARE MONITORING REGULATIONS
136,"Imizamo Group Ltd: TCL Electronics Announces the 115""X955 MAX Premium QD-Mini LED TV, Its Latest Innovation in Home Entertainment"
137,Eni And KazMunayGas Announce Commencement Of Construction For 250 MW Hybrid Power Plant In Kazakhstan
138,Empirical Financial Services LLC d.b.a. Empirical Wealth Management Purchases 178 Shares of Trane Technologies plc (NYSE:TT)
139,Who Are Keon Sabb’s Parents? Meet the Family of Alabama Safety
140,Bringing Teams Together – The Power of Quarterly Outings
141,Fawcett accused of fronting scheme for hostile takeover
142,SBA Communications Co. (NASDAQ:SBAC) Shares Bought by SG Americas Securities LLC
143,Patrick Beverley provides intriguing update on his NBA future
144,Pomerantz Law Firm Reminds Shareholders with Losses on their Investment in CVS Health Corporation of Class Action Lawsuit and Upcoming Deadlines - CVS
145,"Oppenheimer & Co. Inc. Has $4 Million Position in CoStar Group, Inc. (NASDAQ:CSGP)"
146,Novus Holdings Invests R55 Million in AI Innovation Company
147,3 reasons why Suryakumar Yadav has been picked over Hardik Pandya
148,"With record number of interns, NSF is ‘intentional’ about career growth"
149,"Celebrities are getting $2,000 MRI scans to learn about their health. Should you?"
150,"Recurrent gene flow between Neanderthals and modern humans over the past 200,000 years | Science"
151,"Quantbot Technologies LP Takes $1.02 Million Position in M/I Homes, Inc. (NYSE:MHO)"
152,EDITORIAL: Why Canada’s public infrastructure is failing
153,"Wealthspire Advisors LLC Buys Shares of 26,853 Whole Earth Brands, Inc. (NASDAQ:FREE)"
154,OPMG staffer promotes to Lt. Col. [Image 9 of 10]
155,"Wealthspire Advisors LLC Sells 555 Shares of Keysight Technologies, Inc. (NYSE:KEYS)"
156,3rd annual Marian Days celebration at Christ Cathedral expects largest crowd yet
157,"Amkor Technology, Inc.: Infineon and Amkor Sign Memorandum of Understanding To Stimulate Sustainable Action Across the Supply Chain"
158,Blockchain Technologies ETF (TSE:HBLK) Shares Up 0.4%
159,Football : Accord trouvé entre Villarréal FC et Bertrand Traoré pour son retour à l'Ajax
160,"Empirical Financial Services LLC d.b.a. Empirical Wealth Management Has $1.04 Million Stock Holdings in ServiceNow, Inc. (NYSE:NOW)"
161,Air Force Research Laboratory welcomes new commander [Image 5 of 7]
162,"‘We didn’t do enough for sports’, president admits"
163,QX Global Group Secures Major Growth Investment from Long Ridge Equity Partners
164,La Fiscalía anuncia que Bolivia pedirá la extradición de la esposa de Marset
165,Jaffa Coffee Roasters opens in Berkeley
166,Do you have COVID? Here’s how long the CDC recommends you stay home
167,Buskers takeover downtown Roanoke with “how to” workshop
168,Loughrey plays in Ireland’s defeat to Germany
169,New commander takes charge of HHC at HRC [Image 10 of 13]
170,Kicillof participó del Plenario Nacional de la CTA
171,Industrials Gain on Rate Cut Hopes - Industrials Roundup
172,"Broker maintains target on Roivant Sciences stock, keeps Overweight rating"
173,Wrap Technologies (OTCMKTS:WRTC) Stock Price Down 0.6%
174,Ronnie O’Sullivan eyeing pinnacle of another sport after snooker retirement
175,"VEXT Science, Inc.: Vext Secures Dual-Use Provisional Licenses, Nears Launch of Adult-Use Cannabis Sales in Ohio"
176,"Earth science tech COO buys $4,980 in company stock"
177,B.C. premier says ‘zero’ chance of no-prescription opioids
178,Sphere Entertainment (NYSE:SPHR) Price Target Raised to $45.00 at Morgan Stanley
179,Estos son los dos nuevos cursos gratuitos de Rincón de la Victoria con certificado de profesionalidad
180,Samyang Corp Showcases Specialty Ingredients at World's Largest Food Technology Expo
181,“Vannacci bocciato come vicepresidente dei Patrioti d’Europa”: contro il generale tutte le delegazioni tranne l’italiana
182,"Quantbot Technologies LP Purchases 14,422 Shares of Walmart Inc. (NYSE:WMT)"
183,"Vicepresidenza dei Patrioti a Vannacci verso la bocciatura. La Lega frena: ""Nessuna decisione definitiva"""
184,"Selvaggio, disponibile il nuovo singolo “Non passerà mai”"
185,HeNan Splendor Science Aktie: Das sollte jetzt jeder wissen!
186,EA FC 25 Svelato Il Nuovo Sistema Di Gestione Dei Calci D’Angolo
187,Lisata to use Haystack technology to evaluate pancreatic cancer asset certepetide
188,Croc's deadly last meal in Ancient Egypt unearthed
189,"Surova istina Radeta Bogdanovića posle finala Eura: ""Znam da nas ovo sve boli zbog Novaka Đokovića..."""
190,"Marvell Technology COO Chris Koopmans sells $369,400 in stock"
191,Zhejiang Jinggong Science Aktie: Das wird bald in aller Munde sein!
192,"Spitzen-Start: 4,6 Millionen Menschen sehen ""Murmel Mania"" in SAT.1 / 9,4 Prozent Marktanteil"
193,Disneyland closes 6 attractions during busy summer season
194,Der Tesla der Lebensmittelindustrie: Wie CULT Food die Revolution der zellulären Landwirtschaft anführt
195,Silicon Valley Royalty Put on the MAGA Hat and Open Their Wallets
196,Transmit Entertainment Aktie: Endlich verständlich – ein Überblick!
197,Diablo 4 Vessel of Hatred: Blizzard fissa data e ora del Deep Dive sullo Spiritista
198,CULT Food Science-Tochter Further Foods kündigt zeitnahes Design für Studie zu kultiviertem Fleisch in Haustiernahrung an
199,C4 Therapeutics to Present Preliminary Monotherapy Data from the Ongoing Phase 1 Trial of CFT1946 as a Mini Oral Presentation at the ESMO Congress 2024
200,"Lions season tickets 2024: Cheapest price, cost, seating map for every home game at Arrowhead in Kansas City"
201,Rajeev Chandrasekhar presents proposal for setting up research and innovation cluster in Thiruvananthapuram
202,Overwatch 2 accoglie Juno: la nuova eroina di supporto giocabile gratis questo weekend
203,Softbalsters kunnen wereldtitel vergeten na verlies tegen Canada
204,402nd SWEG: Cultivating Tomorrow's Cyber Defenders [Image 1 of 7]
205,"EA SPORTS FC 25, iniziano i preordini su Amazon Italia al prezzo minimo garantito"
206,L’Equipe: Ligue 1 pronta a accettare offerte Dazn e Bein Sports per diritti tv
207,Biodexa Announces Phase 2a Study of Tolimidone in Type 1 Diabetes Approved by Health Canada
208,"Tencent Music Entertainment Group to Report Second Quarter 2024 Financial Results on August 13, 2024"
209,"This is Carlos Alcaraz's time. His brutal - yet beautiful - battering of Novak Djokovic shows the baton in men's tennis has well and truly been passed, writes RIATH AL-SAMARRAI"
210,"Kitchen Inspections: July 11-17, 2024"
211,"Quoten-Flop: ""RTL EM-Studio"" wird zum Finalspiel abgesetzt!"
212,"Generale Vannacci scatenato, come stronca le inviate di La7: una ""feroce"" doppietta"
213,Aged Care Association: Hundreds of aged care beds to attract premium charge if Health NZ doesn’t spend more
214,"Applied DNA Sciences, Inc.: U.S. Defense Logistics Agency Exercises 1-Year Option Period in Applied DNA Counterfeit Mitigation Contract"
215,"""Ich hätte viel dafür gegeben, so Gitarre spielen zu können wie Jimmy Page oder Eric Clapton"": Fred Kogel zu Gast im Banijay-Podcast ""WOLTER TALKS"""
216,"Affari Tuoi resta in Rai, ma conduttore avverte: “C’è un fuggi fuggi generale”"
217,"Casa, Stanzione (Cgil): riattualizzare proprietà indivisa"
218,Vishay Precision Group Announces Date for Its Second Quarter Fiscal 2024 Earnings Conference Call
219,"Concord, è disponibile la Beta con accesso anticipato su PS5 e PC"
220,Sunn Stream Chooses Brightcove to Operate New Streaming Service Offering Family-Friendly Entertainment and Educational Content
221,"Sei Investments Co. Acquires 250,354 Shares of Caesars Entertainment, Inc. (NASDAQ:CZR)"
222,Scotch Malt Whisky Society owner ASC sets out new goals after cracking £100 million cask milestone
223,"BNP Paribas Financial Markets Has $1.88 Million Stake in USANA Health Sciences, Inc. (NYSE:USNA)"
224,FMC Corporation signs definitive agreement to sell Global Specialty Solutions business to Envu
225,Jeux Olympiques Paris 2024 : Les athlètes sénégalais seront reçus par Diomaye Faye
226,Diese wichtige Botschaft hat Halle Bailey für alle Neu-Mamas
227,"GNW-Adhoc: Basware entscheidet sich für Foundry for AI by Rackspace, um die Programmierung in der unternehmenseigenen Verarbeitungssprache für die Datenintegration zu vereinfachen"
228,Wells Fargo &#038; Company Cuts Caesars Entertainment (NASDAQ:CZR) Price Target to $53.00
229,Nintendo: arriva un regalo inaspettato con l’aggiornamento gratuito
230,ALIT Indonesia empowers marginalized children to improve their standard of living
231,"Koninklijk eerbetoon aan Frans Willeme, meest spraakmakende Twentse burgemeester van deze eeuw"
232,Ahmedabad University announces Bagchi School of Public Health with ₹55 crore grant
233,"Jiangxi Lianchuang Optoelectronic Science and Aktie: Wer abwartet, ist gut beraten"
234,FC 24 SBC Icona a scelta mista 92+
235,Abbott plans marketing push for glucose monitors beyond diabetes
236,Colt CZ : Sellier & Bellot to deliver technology for ammunition production in Ukraine
237,Texas Gov. Greg Abbott demands answers as customers remain without power after Beryl
238,From the lab to the classroom: This Pinecrest Academy teacher found her passion for education through science
239,Roland Kaiser: Seltene Aufnahmen! Roland Kaiser zeigt seine Enkeltochter
240,Hockeysters scoren dertien keer in oefenduel met Japan
241,65 Zoll Fernseher Test: 35 XL-TVs im großen Vergleich
242,Soutenance de thèse de doctorat en médecine : Guy Thierry Ki obtient le grade de docteur avec la mention « Très honorable »
243,"„Sport hat therapeutische Züge bei mir, ohne geht es schnell ins tiefe Tal“"
244,Andhra Pradesh Police Embrace Technology to Enhance Law Enforcement
245,Brightcove Inc.: Sunn Stream entscheidet sich für Brightcove als Betreiber eines neuen Streamingdienstes mit familienfreundlichen Unterhaltungs- und Bildungsinhalten
246,Sellas Life Sciences Aktie: Ein Crash wie aus dem Lehrbuch!
247,Are Artificial Sweeteners Safer Than Sugar?
248,Turnitin Helps Educators and Publishers Advance Critical Thinking with New AI Paraphrasing Detection Feature
249,UK artificial intelligence bill and the King’s speech ...Tech & Science Daily podcast
250,„Schon was in den Knochen“: ARD und ZDF ächzen unter EM und Olympia
251,Politik gegen Kurzzeitvermietung: Tausende Zürcher Business-Apartments könnten illegal werden
252,Loop Media Announces NYSE American Acceptance of Plan to Regain Compliance
253,"CVB Financial : Market Perspectives &ndash; Second Quarter, 2024"
254,Hunan Baili Engineering Science and Aktie: Was DAS für den Kurs bedeutet!
255,"Samsung Unpacked: Galaxy Ring, folding phones & more ...Tech & Science Daily podcast"
256,"133d Army National Guard band hits the road during ""Summer Tour"""
257,Das ist Prinz William und Kates Ablenkung im Krebskampf!
258,Covid-19 : une étude révèle pourquoi certaines personnes ne l'ont jamais eu - CNEWS
259,"La star di Terra Amara, Murat Ünalm??, ospite alla XII edizione dell’Ariano International Film Festival"
260,Corte dei Conti: parificato bilancio della Regione. Giani soddisfatto. Ma Forza Italia attacca: “Dati allarmanti”
261,Guardant Health Aktie: Es gibt was neues!
262,Lower Hutt clinic with just one GP insists it can meet patients’ needs
263,"Achieve Life Sciences, Inc. (NASDAQ:ACHV) Short Interest Up 35.7% in June"
264,‘Sky's the limit’: Winnipeg's breaking community hopes to see sport grow with Olympic debut
265,“Tot op de Bosuil”: clubicoon Hans-Peter Lehnhoff maakt Antwerp-fans warm voor galamatch tegen Parma
266,Photos: See what sports stars wore on the ESPYS red carpet
267,Cronos Group (NASDAQ:CRON) versus Paranovus Entertainment Technology (NASDAQ:PAVS) Head-To-Head Comparison
268,Estendere la durata della batteria dei veicoli elettrici
269,Chamisa's lawyer reports General Sanyatwe to Chigumba
270,"Tour de France 2024, tutte le classifiche: Pogacar doppio leader, Evenepoel miglior giovane"
271,Connector Brewing looks to bring people together (Think Local)
272,The Hindu to host webinar on ‘Understanding Brain Health’ on July 22
273,Allergy specialist in air quality warning: 'Abysmal environmental conditions'
274,Leading Real Estate Technology Company Repliers Secures Seed Funding From Scale Shift Ventures
275,STEMTECH CORPORATION Update to Shareholders & Independent Business Partners
276,Announcing the 2024 Security Innovator Awards
277,"L&#8217;addio di Mbappé fa crollare la Ligue 1: diritti tv venduti per la metà, per i club è un disastro"
278,Jackery Explorer 100 review: This is one of the first items I'll be packing when I go camping this year
279,Premier League fixtures 2024/25: Every first round game as Chelsea handed brutal start
280,Cancer Therapeutics Market is Projected to Attain a USD 299.13 Billion Valuation in 2031 On the Back of High Demand for Novel Cancer Treatments | SkyQuest Technology
281,BM Technologies (NYSE:BMTX) Trading Up 14.8%
282,"Parigi 2024: arriva l’Italia! Con Malagò i primi atleti in Francia: tiro a volo, canoa e vela"
283,Il nuovo Comandante della Legione Carabinieri ‘Campania’ in visita a Benevento
284,"Are you being served? Aldi follows Coles, Woolworths into self-service checkouts"
285,Tour de France: Tadej Pogacar en remet une couche au sommet du Plateau de Beille
286,Star Wars Outlaws: mostrati 10 minuti di gameplay
287,UK weather: Health warning issued as mini-heatwave expected with temperatures set to hit nearly 30C
288,Henkel Named as a 2024 Best Place To Work for Disability Inclusion by Disability:IN and the American Association of People With Disabilities
289,"Where was the Euro 2024 final? Stadium, host city for showpiece match at UEFA European Championship"
290,Head-To-Head Survey: Fractyl Health (NASDAQ:GUTS) vs. Neuronetics (NASDAQ:STIM)
291,FOXO Technologies : Announces Receipt of Notice of Non Compliance with NYSE Continued Listing Requirements Form 8 K
292,dsm-firmenich to sell MEG-3® fish oil business to KD Pharma Group
293,"What if renewables don’t deliver the cheapest power, after all?"
294,"Sports in Marin: Monday, Tuesday"
295,Senmiao Technology Aktie: Der Knaller!
296,FC 24 Evoluzione Un nuovo 9
297,Strategic Buy Lights Up This Biotech Stock: Time to Invest?
298,Alpha Partners Technology Merger Aktie: Selbst wir haben nicht damit gerechnet
299,"Devs de Warhammer 40,000: Space Marine 2 lamentam a build de quase um ano vazada"
300,San Jose Sports Hall of Fame announces Class of 2024
301,Infrastructure officials detail Ontario Science Centre structural issues
302,"Fleetwood landfil site must continue to suspend activities until vile odour stops, says Environment Agency"
303,"Avatar: Frontiers of Pandora, da recuperare con la promozione del Prime Day"
304,Uni Bio Science Aktie: Das Vertrauen entzogen!
305,Uzbek restaurant Downtown ordered to close by the Health Department for the second time this year
306,Health Department objects to Tamil Nadu’s immunisation data in NITI Aayog report
307,Orc Must Die: Deathtrap annunciato con traile e periodo d'uscita
308,18th Field Artillery Brigade Pregnancy and Postpartum Physical Training [Image 2 of 10]
309,"Upwork to Report Second Quarter Financial Results on August 7, 2024"
310,Stocks that will see action today: July 16
311,"Classifica Giro d’Italia femminile 2024: trionfa Elisa Longo Borghini, Realini in top10"
312,Sotera Health (NASDAQ:SHC) Shares Purchased by Duality Advisers LP
313,Hospital operator Ardent Health raises $192M via downsized IPO
314,The Karate Kid Street Rumble annunciato con un Trailer
315,Overwatch 2 is teasing its new hero in game — with some big lore implications
316,"GSA Capital Partners LLP Sells 26,530 Shares of Inspired Entertainment, Inc. (NASDAQ:INSE)"
317,Analysts slash targets on Corus Entertainment amid uncertainty over its future
318,"Denaro e regali per avere la patente nautica, raffica di arresti"
319,Mitsubishi Gas Chemical : MGC Signs Business Collaboration Agreement to Explore Entry into Nucleic Acid Drug CDMO Business
320,La Roja dérape : chants anti-Maroc après la victoire à l'Euro
321,"EA Sports FC 25, Rush prende il posto di Volta: come funziona la nuova modalità?"
322,Poll: Cancer Tops Public Health Concerns - Mirage News
323,Woke Science Has Already Cost You Millions
324,Elevance Health Q2 2024 Earnings Preview
325,“Have STRAINger Things”: Trilateral Partnership Results in Test Instrumentation Breakthrough [Image 1 of 4]
326,GigaCloud Technology: Capitalizing On Network Effects And Consumer Trends
327,Vorsicht vor der Xinjiang Goldwind Science-Aktie?
328,Huobi Technology Holdings Aktie: Es gibt was neues!
329,"Quantinuum und das Hartree Centre des Science and Technology Facilities Council (STFC) arbeiten zusammen, um die Quanteninnovation und -entwicklung in Großbritannien voranzutreiben"
330,El techo de gasto para 2025 se eleva a casi 200.000 millones de euros
331,"La psilocybine «réinitialise» les réseaux neuronaux et altère le cerveau pendant des semaines, révèle une étude - Trust My Science"
332,Ubisoft Entertainment : Document AMF CP. 2024E987007
333,"Star Trek, William Shatner: ""Non ho mai guardato le serie e gli spin-off, preferisco i documentari e lo sport"""
334,"Norden Group LLC Takes Position in Elevance Health, Inc. (NYSE:ELV)"
335,Chiefs' Andy Reid discusses how Travis Kelce handles Taylor Swift relationship
336,SG Americas Securities LLC Has $4.61 Million Holdings in Zebra Technologies Co. (NASDAQ:ZBRA)
337,18th Field Artillery Brigade treatment from the Holistic Health and Fitness team [Image 6 of 10]
338,Puerto Rico Hits Oil Industry With $1 Billion Lawsuit Over ‘Climate Change’ Effects
339,"Team USA coach Kerr, Steph react to ‘demoralizing' Trump shooting - NBC Sports Bay Area"
340,ConnectM Completes Business Combination with Monterey Capital Acquisition Corporation
341,Ric Flair outraged he was left off ESPN’s greatest athletes of 21st century list
342,Fairchild AFB Conducts No-Notice Nuclear Operational Readiness Inspection [Image 1 of 3]
343,3rd Wing commander completes final flight [Image 12 of 18]
344,"What is the EPA Hiding at the Landfill in Uniontown, Ohio?"
345,‘I Hope It Doesn’t Get Worse’ – Carlos Alcaraz’s Anxious Coach Cites a Major Concern Ahead of Wimbledon Semi-Final
346,"Paris, LA and now Jenolan Caves: Funicular railway plan revealed"
347,Fresno man pleads guilty in $1.5M employer embezzlement
348,Health Ministry mulls amending rules to include details of excipients in drugs information
349,Ryan Garcia Charged with Vandalism After June Arrest; Faces Up to 1 Year in Jail
350,Syra Health Shares its Artificial Intelligence (AI) to Protect Privacy by Redacting Personally Identifiable Information
351,AB Science S.A. (OTCMKTS:ABSCF) Short Interest Down 35.0% in June
352,Scientists reveal the ideal number of poops you should be doing each week for your health
353,All-electric fixed-wing aircraft delivers cargo to Dover AFB [Image 4 of 9]
354,Green Future Food Hyd Mar Sc Aktie: Was kommt da auf sie zu?
355,Andrew Perloff calls Bill Belichick ‘hypocrite’ for pursuing NFL media career
356,How Ellen DeGeneres’ fall from grace in 2020 began with a single tweet
357,Where to unlock the Arcadion raids in FFXIV
358,Falcons planning to use Kyle Pitts at 2 positions
359,LogicMonitor’s Justin Fessler Shares Thoughts on US Government Tech Transformation
360,"Survey: Nearly half of small businesses couldn’t cover June rent, but conditions improve in Illinois"
361,NMCB 18 and 647th Civil Engineer Squadron Learn New Technology from ERDC [Image 7 of 11]
362,"Set To Play Raiders, Davantae Adams Thinks QB Aidan O’Connell Is In Driver’s Seat"
363,Rob Manfred considering much-needed change to MLB All-Star Game
364,Can a Medicaid plan that requires work succeed? First year of Georgia experiment is not promising
365,MACOM Dedicates Lowell Campus in Honor of John L. Ocampo
366,"Bronny James live stats: Lakers vs. Rockets score, updates, highlights from 2024 NBA Summer League game"
367,"Velo3D, Inc. Receives Continued Listing Standards Notice from the NYSE"
368,Sen. Bob Menendez guilty of taking bribes in cash and gold and acting as Egypt’s foreign agent
369,HighCo: Q2 2024 Gross Profit
370,"Outdoor Shutters Market Worth US$ 6.9 Billion by 2034: Smart Home Technology Integration as a Key Driving Factor, Highlighted by Transparency Market Research"
371,Align Technology: The Short-Sellers Are Wrong
372,Life Sciences Firms Adopt Tools to Modernize Clinical Trials
373,ValGenesis Inc.: ValGenesis and Pharmasys in Strategic Partnership to Enhance Compliance in European Life Sciences
374,Opinion: Alberta’s grizzly bear management should be science-based
375,Trump says 'I'm for TikTok' as potential US ban looms
376,‘Proud of the pantry’: Why Aldi wants your basket full of ‘exclusive’ items rather than ‘cheap’
377,The J.M. Smucker Co. Announces Dividend Increase
378,Army Civil Affairs Shares Expertise In Defense Data Analytics [Image 1 of 2]
379,Huayi Tencent Entertainment Aktie: Finger weg?
380,Biden llama a su secretario de Defensa «el hombre negro»
381,All-electric fixed-wing aircraft delivers cargo to Dover AFB [Image 3 of 9]
382,"Windrose Consulting Group Announces the appointment of Jose Galan as a Partner, to continue its growth as a leader in Global Pricing & Market Access Strategy Services"
383,8th CES conducts rescue exercise [Image 6 of 6]
384,Fairchild AFB conducts No-notice NORI [Image 1 of 9]
385,The Four Offenses With A 90+ Rating In ‘EA Sports College Football 25’
386,Tyndall Sports Complex [Image 4 of 6]
387,Merck verstärkt sich bei KI-Chipentwicklung mit Übernahme von Unity-SC
388,"Soldiers share stories - grow relationships, resiliency [Image 1 of 4]"
389,Red Sox draft Fox analyst David Ortiz’s son D’Angelo
390,"My cat Norbert loves this smart litter box, and it's discounted for Prime Day"
391,Stanley Kubrick estate leads tributes to The Shining star Shelley Duvall (Entertainment)
392,Meta Removes Heightened Suspension Penalties From Donald Trump's Accounts
393,AI and the digital scramble for Africa
394,Hall of Fame Resort &#038; Entertainment (NASDAQ:HOFVW) Short Interest Down 21.2% in June
395,Thermo Fisher Scientific Declares Quarterly Dividend
396,"Where to watch Euro 2024 final: England vs. Spain live stream, TV channel, lineups and prediction"
397,Biden appears to struggle with Lloyd Austin’s name as he recounts controversy of putting ‘black man’ in position
398,Wave Life Sciences (NASDAQ:WVE) Trading Down 3.5%
399,"PulluP Entertainment: 2024/25 first-quarter revenue of EUR34.2m, driven by a solid back-catalogue up sharply by 17%"
400,Beyond the Care Desert: Addressing the Hidden Challenges to Rural Maternal Mental Health Care
401,"Sports Briefs: Mill Valley LL earns redemption, advances closer to title shot"
402,Fairchild AFB conducts No-notice NORI [Image 3 of 9]
403,RIDOH recommends Scituate pond be closed to swimming
404,Andy Samberg says 'SNL' run took a 'heavy toll' on his health: 'You're not sleeping'
405,Global X Telemedicine &#038; Digital Health ETF (NASDAQ:EDOC) Short Interest Down 20.0% in June
406,"Lucas Systems, Inc.: New AI-Powered Dynamic Slotting Simplifies Warehouse Reslotting With Click Of a Button"
407,Army Civil Affairs Shares Expertise In Defense Data Analytics [Image 2 of 2]
408,All-electric fixed-wing aircraft delivers cargo to Dover AFB [Image 9 of 9]
409,Spanish Air Force participates in Arctic Defender 24 [Image 1 of 8]
410,Complex impact of large wildfires on ozone layer dynamics unveiled
411,Pharma-funded Republican comes out swinging against medical debt cancellation
412,Google brings AI to US broadcast of Paris Olympics
413,Here’s how a new mom transformed her sleep deprivation into a booming business
414,"Krishnamoorthi secures $500,000 in grants for roads near Hoffman Estates' Bell Works development"
415,Dozens killed in Gaza attack
416,Fairchild AFB conducts No-notice NORI [Image 2 of 9]
417,Community Financial System : Code of Business Conduct and Ethics
418,Gaza talks halted. Israeli “internal discord” blamed for failure to reach a deal
419,The things we learn in The Guardian
420,Severe Droughts Limit Amazonian Communities’ Access To Basic Services
421,BJP conspiring to kill Kejriwal in jail: AAP
422,"WWE Women’s Champion Bayley: ‘Yes, why not?’ to ‘Evolution 2’"
423,Short Interest in Coast Entertainment Holdings Limited (OTCMKTS:ARDLF) Declines By 34.3%
424,Fairchild AFB conducts No-notice NORI [Image 4 of 9]
425,Photos | Youngsters race in Fortuna Rodeo Street Games
426,NMCB 18 and 647th Civil Engineer Squadron Learn New Technology from ERDC [Image 6 of 11]
427,"Commandant, Gen. Smith, Speaks with TBS"
428,The Art Forger Had Fooled Thousands. Then He Met Doug.
429,"Teladoc Health Introduces Pediatric, Adolescent and Family Mental Healthcare Through Partnership with Brightline"
430,OVBC ANNOUNCES CASH DIVIDEND
431,WFAN host Brandon Tierney’s pen malfunction makes inky mess
432,"Unlocking the Secrets of LUCA, Earth’s Earliest Life Form - SciTechDaily"
433,Health Matters: Depression is both common and treatable
434,"TIMBERLINE RESOURCES INVESTOR ALERT by the Former Attorney General of Louisiana: Kahn Swick & Foti, LLC Investigates Adequacy of Price and Process in Proposed Sale of Timberline Resources Corporation - TLRS"
435,"Slow recovery for tornado-hit Sulphur, Marietta businesses"
436,Sports world reacts to Ingrid Andress being drunk during Home Run Derby anthem
437,Spanish Air Force participates in Arctic Defender 24 [Image 3 of 8]
438,PNM Resources Board Declares Quarterly Common Stock Dividend
439,Seabees and 647th Civil Engineers Learn New Technology from ERDC [Image 1 of 11]
440,From training to readiness: Air Force and VHA enhance emergency preparedness together [Image 3 of 6]
441,JB Hunt's profit falls 24% on continued industry headwinds
442,319th Integrated Resiliency Office Mental Health Resources
443,T20I captaincy & wife both gone! Fans support Hardik Pandya on ‘worst day’ of his life
444,Former SBTi employee files complaint with British charity watchdog
445,Israeli Strikes Kill Over 20 and Hit Another U.N. Building in Gaza
446,908th Chaplain takes call to serve to new heights
447,Former Georgia insurance commissioner sentenced to prison after pleading guilty to health care fraud
448,COMMENT: Zanu-PF’s development agenda resonates with Zimbabweans
449,Centaurus Energy Inc: Centaurus Energy Announces Plans to Focus on Investing Directly in Physical and Digital Commodities and Related Proposed Change of Business into an Investment Issuer
450,Ginnastica ritmica: l’Italia chiude al quarto posto a Cluj Napoca
451,Freedom Fest 2024 [Image 4 of 12]
452,Eagles extend Sphere residency due to 'overwhelming demand' (Entertainment)
453,Jack Black ends Tenacious D tour after bandmate's Trump shooting comment (Entertainment)
454,"Jerry Rice Threatens Reporters On Golf Course, 'I Will F*** You Up'"
455,Caesars Entertainment (NASDAQ:CZR) Downgraded to Negative at Susquehanna
456,L&T Technology Services reports 1% growth in Q1 profit due to lower margins
457,AI is the tech sector’s ‘biggest catalyst’ for innovation: famed investor Cathie Wood
458,"SpaceX space junk crashed onto Saskatchewan farmland, highlighting a potential impending disaster"
459,Over 140 People Killed by Israeli Strikes in Gaza Strip Over Past Day - Health Ministry
460,Volpe Center Looking Into Sources for Mission Information Technology Support Services II Requirement
461,"Richard Simmons, a fitness guru who mixed laughs and sweat, dies at 76"
462,Jesse Lee Soffer won’t play the same Chicago P.D. character as he joins FBI: International
463,Yankees blow game against Orioles with 2 awful defensive mistakes
464,Doctors at Belagavi Institute of Medical Sciences conduct complex surgery
465,3-time NBA champion eyeing return to league
466,Protecting warfighters: Navy hosts summit on blast overpressure safety [Image 3 of 4]
467,Arch Manning rating raises questions about ‘College Football 25’ video game
468,Dungeonborne: il dungeon crawler dark fantasy multiplayer ha una data per l'Early Access
469,Factbox-Who is speaking at the Republican National Convention?
470,Ubisoft: Crédit Agricole CIB falls below 10% of voting rights
471,Tyndall Sports Complex [Image 6 of 6]
472,Man 'transforms physique' in just one month with 45-minute workout
473,Fairchild AFB Conducts No-Notice Nuclear Operational Readiness Inspection [Image 3 of 3]
474,Eerie pictures show deserted M60 and streets in Manchester as millions watch England in Euro 2024 final
475,State hires firm to help find buyers for 4 state-run hospitals
476,DVD Rental Kiosks Business Redbox is Shutting Down
477,3 Guys Before The Game – Wren Baker Visits (Episode 561)
478,Summer pause: Small business sales growth tapers in June as consumers take a breather on spending
479,Legal & General : L&G bolsters global asset management client distribution team with senior hire
480,NMCB 18 and 647th Civil Engineer Squadron Learn New Technology from ERDC [Image 4 of 11]
481,[Today’s K-pop] Stray Kids renew contract with label
482,PENN Entertainment cutting staff at ESPN Bet
483,Dawber promotion_6169 [Image 3 of 3]
484,US FTC issues warning to franchisors over unfair business practices
485,"At least 5 killed in explosion targeting a busy cafe in the Somali capital, police say"
486,Melco Resorts &#038; Entertainment Limited (NASDAQ:MLCO) Shares Sold by Duality Advisers LP
487,"Network marketing: cos’è e come si è evoluto, dalla fine dell’Ottocento ai giorni nostri"
488,BLOG: The invisible monster devouring the California dream
489,"Metabolon, Inc.: Metabolon Expands Library to Include 70 Pesticides, Advancing Human Exposome Insights through Metabolomics"
490,[Editorial] Trump’s reelection odds
491,Biden pushes his ‘blue wall’ sprint with a Michigan trip as he makes the case for his candidacy
492,NMCB 18 and 647th Civil Engineer Squadron Learn New Technology from ERDC [Image 9 of 11]
493,STEM Fest [Image 2 of 9]
494,Fairchild AFB conducts No-notice NORI [Image 5 of 9]
495,Paul Skenes finds out about big All-Star Game decision during live interview
496,[KH Explains] Here's why 'sugar-free' is not such a sweet deal
497,"Eva Longoria: il successo e i fallimenti, la famiglia, la ""casalinga disperata"" e la miniserie ""Land of Women"". Ecco che cosa ci ha raccontato"
498,‘People don’t want to talk’: The taboo ‘zombie’ problem in medical science
499,ESPN not interested in Skip Bayless reunion after ‘Undisputed’ departure bombshell
500,Plain old bad luck? New Jersey sports betting revenue fell 24% in June from a year ago
501,Tyndall Sports Complex [Image 3 of 6]
502,"Coca-Cola Consolidated, Inc. Announces Third Quarter Dividend"
503,8th CES conducts rescue exercise [Image 1 of 6]
504,"US senators call out Big Tech’s new approach to poaching talent, products from smaller AI startups"
505,"È morto Richard Simmons, addio al volto di General Hospital (e non solo)"
506,WATCH: Biggest moments from the ESPYs
507,Movie Review: A new generation drives into the storm in rousing ‘Twisters’
508,Netanyahu Admits He Doesn’t Know If Strikes on Gaza ‘Safe Zone’ Killed Hamas Military Commander
509,Oxford Study Finds Ozempic Lowers Risk Of Dementia
